JA Morkel,{'link': 'http://www.espncricinfo.com/ci/content/player/46248.html'}
T Thushara,{'link': 'http://www.espncricinfo.com/ci/content/player/49677.html'}
V Sehwag,{'link': 'http://www.espncricinfo.com/ci/content/player/35263.html'}
CR Brathwaite,{'link': 'http://www.espncricinfo.com/ci/content/player/457249.html'}
Shivam Sharma,{'link': 'http://www.espncricinfo.com/ci/content/player/717201.html'}
LE Plunkett,{'link': 'http://www.espncricinfo.com/ci/content/player/19264.html'}
P Dharmani,{'link': 'http://www.espncricinfo.com/ci/content/player/28067.html'}
NK Patel,{'link': 'http://www.espncricinfo.com/ci/content/player/32240.html'}
MJ Guptill,{'link': 'http://www.espncricinfo.com/ci/content/player/226492.html'}
GB Hogg,{'link': 'http://www.espncricinfo.com/ci/content/player/5681.html'}
GD McGrath,{'link': 'http://www.espncricinfo.com/ci/content/player/6565.html'}
CK Kapugedera,{'link': 'http://www.espncricinfo.com/ci/content/player/209457.html'}
A Singh,{'link': 'http://www.espncricinfo.com/ci/content/player/26789.html'}
TM Srivastava,{'link': 'http://www.espncricinfo.com/ci/content/player/35401.html'}
M Kartik,{'link': 'http://www.espncricinfo.com/ci/content/player/30049.html'}
A Dananjaya,{'link': 'http://www.espncricinfo.com/ci/content/player/574178.html'}
RE Levi,{'link': 'http://www.espncricinfo.com/ci/content/player/46148.html'}
MJ Lumb,{'link': 'http://www.espncricinfo.com/ci/content/player/16406.html'}
Iqbal Abdulla,{'link': 'http://www.espncricinfo.com/ci/content/player/277237.html'}
MJ Santner,{'link': 'http://www.espncricinfo.com/ci/content/player/502714.html'}
SK Warne,{'link': 'http://www.espncricinfo.com/ci/content/player/8166.html'}
BJ Rohrer,{'link': 'http://www.espncricinfo.com/ci/content/player/7547.html'}
A Symonds,{'link': 'http://www.espncricinfo.com/ci/content/player/7702.html'}
MC Henriques,{'link': 'http://www.espncricinfo.com/ci/content/player/5961.html'}
S Nadeem,{'link': 'http://www.espncricinfo.com/ci/content/player/31872.html'}
Kamran Khan,{'link': 'http://www.espncricinfo.com/ci/content/player/391121.html'}
KW Richardson,{'link': 'http://www.espncricinfo.com/ci/content/player/272262.html'}
PC Valthaty,{'link': 'http://www.espncricinfo.com/ci/content/player/35630.html'}
Umar Gul,{'link': 'http://www.espncricinfo.com/ci/content/player/43524.html'}
SW Billings,{'link': 'http://www.espncricinfo.com/ci/content/player/297628.html'}
B Chipli,{'link': 'http://www.espncricinfo.com/ci/content/player/27685.html'}
Jaskaran Singh,{'link': 'http://www.espncricinfo.com/ci/content/player/376102.html'}
B Lee,{'link': 'http://www.espncricinfo.com/ci/content/player/6278.html'}
S Lamichhane,{'link': 'http://www.espncricinfo.com/ci/content/player/960361.html'}
AM Nayar,{'link': 'http://www.espncricinfo.com/ci/content/player/32091.html'}
PP Ojha,{'link': 'http://www.espncricinfo.com/ci/content/player/32130.html'}
DL Chahar,{'link': 'http://www.espncricinfo.com/ci/content/player/447261.html'}
JH Kallis,{'link': 'http://www.espncricinfo.com/ci/content/player/45789.html'}
MM Patel,{'link': 'http://www.espncricinfo.com/ci/content/player/32965.html'}
A Mukund,{'link': 'http://www.espncricinfo.com/ci/content/player/302582.html'}
LRPL Taylor,{'link': 'http://www.espncricinfo.com/ci/content/player/38699.html'}
CH Gayle,{'link': 'http://www.espncricinfo.com/ci/content/player/51880.html'}
AN Ghosh,{'link': 'http://www.espncricinfo.com/ci/content/player/220435.html'}
K Gowtham,{'link': 'http://www.espncricinfo.com/ci/content/player/424377.html'}
MDKJ Perera,{'link': 'http://www.espncricinfo.com/ci/content/player/300631.html'}
DR Shorey,{'link': 'http://www.espncricinfo.com/ci/content/player/590327.html'}
SP Narine,{'link': 'http://www.espncricinfo.com/ci/content/player/230558.html'}
BAW Mendis,{'link': 'http://www.espncricinfo.com/ci/content/player/268739.html'}
RA Tripathi,{'link': 'http://www.espncricinfo.com/ci/content/player/446763.html'}
CJ Anderson,{'link': 'http://www.espncricinfo.com/ci/content/player/277662.html'}
P Negi,{'link': 'http://www.espncricinfo.com/ci/content/player/530773.html'}
AP Majumdar,{'link': 'http://www.espncricinfo.com/ci/content/player/31750.html'}
GR Napier,{'link': 'http://www.espncricinfo.com/ci/content/player/17991.html'}
L Balaji,{'link': 'http://www.espncricinfo.com/ci/content/player/26829.html'}
J Suchith,{'link': 'http://www.espncricinfo.com/ci/content/player/527663.html'}
JPR Scantlebury-Searles,{'link': 'http://www.espncricinfo.com/ci/content/player/230554.html'}
SL Malinga,{'link': 'http://www.espncricinfo.com/ci/content/player/49758.html'}
AS Rajpoot,{'link': 'http://www.espncricinfo.com/ci/content/player/591650.html'}
Sachin Baby,{'link': 'http://www.espncricinfo.com/ci/content/player/432783.html'}
Abdur Razzak,{'link': 'http://www.espncricinfo.com/ci/content/player/56283.html'}
P Chopra,{'link': 'http://www.espncricinfo.com/ci/content/player/500135.html'}
DJG Sammy,{'link': 'http://www.espncricinfo.com/ci/content/player/53115.html'}
JR Hopes,{'link': 'http://www.espncricinfo.com/ci/content/player/5702.html'}
KP Pietersen,{'link': 'http://www.espncricinfo.com/ci/content/player/19296.html'}
JC Archer,{'link': 'http://www.espncricinfo.com/ci/content/player/669855.html'}
CJ Ferguson,{'link': 'http://www.espncricinfo.com/ci/content/player/5236.html'}
Rashid Khan,{'link': 'http://www.espncricinfo.com/ci/content/player/793463.html'}
DL Vettori,{'link': 'http://www.espncricinfo.com/ci/content/player/38710.html'}
PR Shah,{'link': 'http://www.espncricinfo.com/ci/content/player/34282.html'}
X Thalaivan Sargunam,{'link': 'http://www.espncricinfo.com/ci/content/player/319744.html'}
M Manhas,{'link': 'http://www.espncricinfo.com/ci/content/player/31001.html'}
S Sriram,{'link': 'http://www.espncricinfo.com/ci/content/player/34118.html'}
A Mishra,{'link': 'http://www.espncricinfo.com/ci/content/player/31107.html'}
RA Jadeja,{'link': 'http://www.espncricinfo.com/ci/content/player/234675.html'}
Harmeet Singh,{'link': 'http://www.espncricinfo.com/ci/content/player/391128.html'}
P Prasanth,{'link': 'http://www.espncricinfo.com/ci/content/player/32211.html'}
YV Takawale,{'link': 'http://www.espncricinfo.com/ci/content/player/35357.html'}
AN Ahmed,{'link': 'http://www.espncricinfo.com/ci/content/player/228430.html'}
BMAJ Mendis,{'link': 'http://www.espncricinfo.com/ci/content/player/49700.html'}
Y Venugopal Rao,{'link': 'http://www.espncricinfo.com/ci/content/player/35805.html'}
JP Duminy,{'link': 'http://www.espncricinfo.com/ci/content/player/44932.html'}
JEC Franklin,{'link': 'http://www.espncricinfo.com/ci/content/player/37004.html'}
DJ Hussey,{'link': 'http://www.espncricinfo.com/ci/content/player/5766.html'}
MG Johnson,{'link': 'http://www.espncricinfo.com/ci/content/player/6033.html'}
SV Samson,{'link': 'http://www.espncricinfo.com/ci/content/player/425943.html'}
SM Curran,{'link': 'http://www.espncricinfo.com/ci/content/player/662973.html'}
SM Pollock,{'link': 'http://www.espncricinfo.com/ci/content/player/46774.html'}
PD Collingwood,{'link': 'http://www.espncricinfo.com/ci/content/player/10772.html'}
TL Suman,{'link': 'http://www.espncricinfo.com/ci/content/player/34281.html'}
P Suyal,{'link': 'http://www.espncricinfo.com/ci/content/player/431213.html'}
CH Morris,{'link': 'http://www.espncricinfo.com/ci/content/player/439952.html'}
S Gopal,{'link': 'http://www.espncricinfo.com/ci/content/player/344580.html'}
DB Ravi Teja,{'link': 'http://www.espncricinfo.com/ci/content/player/237701.html'}
P Sahu,{'link': 'http://www.espncricinfo.com/ci/content/player/34155.html'}
Washington Sundar,{'link': 'http://www.espncricinfo.com/ci/content/player/719715.html'}
Vishnu Vinod,{'link': 'http://www.espncricinfo.com/ci/content/player/732293.html'}
Ankit Soni,{'link': 'http://www.espncricinfo.com/ci/content/player/1083128.html'}
R Sathish,{'link': 'http://www.espncricinfo.com/ci/content/player/33870.html'}
IK Pathan,{'link': 'http://www.espncricinfo.com/ci/content/player/32685.html'}
AC Gilchrist,{'link': 'http://www.espncricinfo.com/ci/content/player/5390.html'}
M Morkel,{'link': 'http://www.espncricinfo.com/ci/content/player/46538.html'}
ST Jayasuriya,{'link': 'http://www.espncricinfo.com/ci/content/player/49209.html'}
BB Samantray,{'link': 'http://www.espncricinfo.com/ci/content/player/430125.html'}
L Ngidi,{'link': 'http://www.espncricinfo.com/ci/content/player/542023.html'}
Shivam Mavi,{'link': 'http://www.espncricinfo.com/ci/content/player/1079848.html'}
D Wiese,{'link': 'http://www.espncricinfo.com/ci/content/player/221140.html'}
DR Martyn,{'link': 'http://www.espncricinfo.com/ci/content/player/6513.html'}
JW Hastings,{'link': 'http://www.espncricinfo.com/ci/content/player/228622.html'}
Anureet Singh,{'link': 'http://www.espncricinfo.com/ci/content/player/376324.html'}
A Uniyal,{'link': 'http://www.espncricinfo.com/ci/content/player/35586.html'}
A Chopra,{'link': 'http://www.espncricinfo.com/ci/content/player/27639.html'}
LMP Simmons,{'link': 'http://www.espncricinfo.com/ci/content/player/53116.html'}
D du Preez,{'link': 'http://www.espncricinfo.com/ci/content/player/44938.html'}
PV Tambe,{'link': 'http://www.espncricinfo.com/ci/content/player/587152.html'}
RE van der Merwe,{'link': 'http://www.espncricinfo.com/ci/content/player/47850.html'}
KV Sharma,{'link': 'http://www.espncricinfo.com/ci/content/player/30288.html'}
Mohammad Ashraful,{'link': 'http://www.espncricinfo.com/ci/content/player/55988.html'}
S Narwal,{'link': 'http://www.espncricinfo.com/ci/content/player/32084.html'}
B Akhil,{'link': 'http://www.espncricinfo.com/ci/content/player/26206.html'}
TD Paine,{'link': 'http://www.espncricinfo.com/ci/content/player/7252.html'}
KB Arun Karthik,{'link': 'http://www.espncricinfo.com/ci/content/player/319745.html'}
KA Pollard,{'link': 'http://www.espncricinfo.com/ci/content/player/230559.html'}
S Dube,{'link': 'http://www.espncricinfo.com/ci/content/player/714451.html'}
MJ Henry,{'link': 'http://www.espncricinfo.com/ci/content/player/506612.html'}
SR Watson,{'link': 'http://www.espncricinfo.com/ci/content/player/8180.html'}
NLTC Perera,{'link': 'http://www.espncricinfo.com/ci/content/player/233514.html'}
R McLaren,{'link': 'http://www.espncricinfo.com/ci/content/player/46393.html'}
KJ Abbott,{'link': 'http://www.espncricinfo.com/ci/content/player/297583.html'}
VR Aaron,{'link': 'http://www.espncricinfo.com/ci/content/player/360911.html'}
JC Buttler,{'link': 'http://www.espncricinfo.com/ci/content/player/308967.html'}
SO Hetmyer,{'link': 'http://www.espncricinfo.com/ci/content/player/670025.html'}
Mustafizur Rahman,{'link': 'http://www.espncricinfo.com/ci/content/player/330902.html'}
GC Smith,{'link': 'http://www.espncricinfo.com/ci/content/player/47270.html'}
AA Chavan,{'link': 'http://www.espncricinfo.com/ci/content/player/337913.html'}
RV Uthappa,{'link': 'http://www.espncricinfo.com/ci/content/player/35582.html'}
RG More,{'link': 'http://www.espncricinfo.com/ci/content/player/424219.html'}
AC Blizzard,{'link': 'http://www.espncricinfo.com/ci/content/player/4498.html'}
DJ Muthuswami,{'link': 'http://www.espncricinfo.com/ci/content/player/528985.html'}
MEK Hussey,{'link': 'http://www.espncricinfo.com/ci/content/player/5939.html'}
JDP Oram,{'link': 'http://www.espncricinfo.com/ci/content/player/38062.html'}
MJ McClenaghan,{'link': 'http://www.espncricinfo.com/ci/content/player/319439.html'}
SS Tiwary,{'link': 'http://www.espncricinfo.com/ci/content/player/35390.html'}
NM Coulter-Nile,{'link': 'http://www.espncricinfo.com/ci/content/player/261354.html'}
RJ Harris,{'link': 'http://www.espncricinfo.com/ci/content/player/5779.html'}
DJ Bravo,{'link': 'http://www.espncricinfo.com/ci/content/player/51439.html'}
Azhar Mahmood,{'link': 'http://www.espncricinfo.com/ci/content/player/39024.html'}
BJ Hodge,{'link': 'http://www.espncricinfo.com/ci/content/player/5674.html'}
DJ Willey,{'link': 'http://www.espncricinfo.com/ci/content/player/308251.html'}
HM Amla,{'link': 'http://www.espncricinfo.com/ci/content/player/43906.html'}
Parvez Rasool,{'link': 'http://www.espncricinfo.com/ci/content/player/378496.html'}
B Kumar,{'link': 'http://www.espncricinfo.com/ci/content/player/326016.html'}
GJ Bailey,{'link': 'http://www.espncricinfo.com/ci/content/player/4451.html'}
B Sumanth,{'link': 'http://www.espncricinfo.com/ci/content/player/253798.html'}
R Dravid,{'link': 'http://www.espncricinfo.com/ci/content/player/28114.html'}
Y Nagar,{'link': 'http://www.espncricinfo.com/ci/content/player/317786.html'}
SK Trivedi,{'link': 'http://www.espncricinfo.com/ci/content/player/35353.html'}
ER Dwivedi,{'link': 'http://www.espncricinfo.com/ci/content/player/340841.html'}
RP Singh,{'link': 'http://www.espncricinfo.com/ci/content/player/35280.html'}
B Geeves,{'link': 'http://www.espncricinfo.com/ci/content/player/5472.html'}
SB Styris,{'link': 'http://www.espncricinfo.com/ci/content/player/38407.html'}
PJ Sangwan,{'link': 'http://www.espncricinfo.com/ci/content/player/279545.html'}
SJ Srivastava,{'link': 'http://www.espncricinfo.com/ci/content/player/34245.html'}
DS Lehmann,{'link': 'http://www.espncricinfo.com/ci/content/player/6285.html'}
JJ van der Wath,{'link': 'http://www.espncricinfo.com/ci/content/player/47693.html'}
JM Kemp,{'link': 'http://www.espncricinfo.com/ci/content/player/45797.html'}
LA Carseldine,{'link': 'http://www.espncricinfo.com/ci/content/player/4541.html'}
Yuvraj Singh,{'link': 'http://www.espncricinfo.com/ci/content/player/36084.html'}
Mohammad Nabi,{'link': 'http://www.espncricinfo.com/ci/content/player/25913.html'}
RS Gavaskar,{'link': 'http://www.espncricinfo.com/ci/content/player/28792.html'}
P Dogra,{'link': 'http://www.espncricinfo.com/ci/content/player/28160.html'}
DP Nannes,{'link': 'http://www.espncricinfo.com/ci/content/player/6981.html'}
SN Thakur,{'link': 'http://www.espncricinfo.com/ci/content/player/475281.html'}
IR Jaggi,{'link': 'http://www.espncricinfo.com/ci/content/player/279554.html'}
MS Dhoni,{'link': 'http://www.espncricinfo.com/ci/content/player/28081.html'}
TM Dilshan,{'link': 'http://www.espncricinfo.com/ci/content/player/48472.html'}
CA Lynn,{'link': 'http://www.espncricinfo.com/ci/content/player/326637.html'}
GH Vihari,{'link': 'http://www.espncricinfo.com/ci/content/player/452044.html'}
K Upadhyay,{'link': 'http://www.espncricinfo.com/ci/content/player/431876.html'}
NS Naik,{'link': 'http://www.espncricinfo.com/ci/content/player/554700.html'}
RV Gomez,{'link': 'http://www.espncricinfo.com/ci/content/player/28846.html'}
Mohammad Asif,{'link': 'http://www.espncricinfo.com/ci/content/player/41411.html'}
JJ Bumrah,{'link': 'http://www.espncricinfo.com/ci/content/player/625383.html'}
S Anirudha,{'link': 'http://www.espncricinfo.com/ci/content/player/26798.html'}
K Khejroliya,{'link': 'http://www.espncricinfo.com/ci/content/player/1083033.html'}
Z Khan,{'link': 'http://www.espncricinfo.com/ci/content/player/30102.html'}
J Yadav,{'link': 'http://www.espncricinfo.com/ci/content/player/447587.html'}
A Kumble,{'link': 'http://www.espncricinfo.com/ci/content/player/30176.html'}
SE Bond,{'link': 'http://www.espncricinfo.com/ci/content/player/36326.html'}
MC Juneja,{'link': 'http://www.espncricinfo.com/ci/content/player/390480.html'}
J Theron,{'link': 'http://www.espncricinfo.com/ci/content/player/223642.html'}
Mohammed Siraj,{'link': 'http://www.espncricinfo.com/ci/content/player/940973.html'}
SW Tait,{'link': 'http://www.espncricinfo.com/ci/content/player/8076.html'}
R Ashwin,{'link': 'http://www.espncricinfo.com/ci/content/player/26421.html'}
SA Abbott,{'link': 'http://www.espncricinfo.com/ci/content/player/398666.html'}
CL White,{'link': 'http://www.espncricinfo.com/ci/content/player/8291.html'}
NJ Rimmington,{'link': 'http://www.espncricinfo.com/ci/content/player/7443.html'}
YK Pathan,{'link': 'http://www.espncricinfo.com/ci/content/player/32498.html'}
RS Sodhi,{'link': 'http://www.espncricinfo.com/ci/content/player/34078.html'}
D Kalyankrishna,{'link': 'http://www.espncricinfo.com/ci/content/player/30719.html'}
AM Rahane,{'link': 'http://www.espncricinfo.com/ci/content/player/277916.html'}
R Bishnoi,{'link': 'http://www.espncricinfo.com/ci/content/player/236766.html'}
PA Reddy,{'link': 'http://www.espncricinfo.com/ci/content/player/376109.html'}
KM Jadhav,{'link': 'http://www.espncricinfo.com/ci/content/player/290716.html'}
D Salunkhe,{'link': 'http://www.espncricinfo.com/ci/content/player/278482.html'}
Mashrafe Mortaza,{'link': 'http://www.espncricinfo.com/ci/content/player/56007.html'}
MA Wood,{'link': 'http://www.espncricinfo.com/ci/content/player/351588.html'}
M Vijay,{'link': 'http://www.espncricinfo.com/ci/content/player/237095.html'}
SP Goswami,{'link': 'http://www.espncricinfo.com/ci/content/player/302579.html'}
R Ninan,{'link': 'http://www.espncricinfo.com/ci/content/player/353669.html'}
AA Noffke,{'link': 'http://www.espncricinfo.com/ci/content/player/6938.html'}
VS Malik,{'link': 'http://www.espncricinfo.com/ci/content/player/31738.html'}
B Stanlake,{'link': 'http://www.espncricinfo.com/ci/content/player/533042.html'}
Sohail Tanvir,{'link': 'http://www.espncricinfo.com/ci/content/player/43265.html'}
TR Birt,{'link': 'http://www.espncricinfo.com/ci/content/player/4292.html'}
CV Varun,{'link': 'http://www.espncricinfo.com/ci/content/player/1108375.html'}
SB Bangar,{'link': 'http://www.espncricinfo.com/ci/content/player/27225.html'}
AD Mascarenhas,{'link': 'http://www.espncricinfo.com/ci/content/player/16932.html'}
Anand Rajan,{'link': 'http://www.espncricinfo.com/ci/content/player/26797.html'}
S Tyagi,{'link': 'http://www.espncricinfo.com/ci/content/player/317784.html'}
SB Wagh,{'link': 'http://www.espncricinfo.com/ci/content/player/279552.html'}
NV Ojha,{'link': 'http://www.espncricinfo.com/ci/content/player/32102.html'}
FY Fazal,{'link': 'http://www.espncricinfo.com/ci/content/player/28671.html'}
VS Yeligati,{'link': 'http://www.espncricinfo.com/ci/content/player/307448.html'}
DM Bravo,{'link': 'http://www.espncricinfo.com/ci/content/player/277472.html'}
Mohammad Hafeez,{'link': 'http://www.espncricinfo.com/ci/content/player/41434.html'}
Sunny Singh,{'link': 'http://www.espncricinfo.com/ci/content/player/35282.html'}
AS Raut,{'link': 'http://www.espncricinfo.com/ci/content/player/230593.html'}
PP Chawla,{'link': 'http://www.espncricinfo.com/ci/content/player/32966.html'}
IS Sodhi,{'link': 'http://www.espncricinfo.com/ci/content/player/559066.html'}
LA Pomersbach,{'link': 'http://www.espncricinfo.com/ci/content/player/232284.html'}
SS Iyer,{'link': 'http://www.espncricinfo.com/ci/content/player/642519.html'}
T Shamsi,{'link': 'http://www.espncricinfo.com/ci/content/player/379145.html'}
AP Dole,{'link': 'http://www.espncricinfo.com/ci/content/player/236694.html'}
AS Yadav,{'link': 'http://www.espncricinfo.com/ci/content/player/36110.html'}
S Dhawan,{'link': 'http://www.espncricinfo.com/ci/content/player/28235.html'}
HV Patel,{'link': 'http://www.espncricinfo.com/ci/content/player/390481.html'}
JM Bairstow,{'link': 'http://www.espncricinfo.com/ci/content/player/297433.html'}
DNT Zoysa,{'link': 'http://www.espncricinfo.com/ci/content/player/51050.html'}
S Aravind,{'link': 'http://www.espncricinfo.com/ci/content/player/290632.html'}
L Ablish,{'link': 'http://www.espncricinfo.com/ci/content/player/26236.html'}
DE Bollinger,{'link': 'http://www.espncricinfo.com/ci/content/player/4508.html'}
TG Southee,{'link': 'http://www.espncricinfo.com/ci/content/player/232364.html'}
SE Marsh,{'link': 'http://www.espncricinfo.com/ci/content/player/6683.html'}
CA Ingram,{'link': 'http://www.espncricinfo.com/ci/content/player/45705.html'}
SC Ganguly,{'link': 'http://www.espncricinfo.com/ci/content/player/28779.html'}
AM Salvi,{'link': 'http://www.espncricinfo.com/ci/content/player/34264.html'}
T Henderson,{'link': 'http://www.espncricinfo.com/ci/content/player/45434.html'}
K Goel,{'link': 'http://www.espncricinfo.com/ci/content/player/28997.html'}
MV Boucher,{'link': 'http://www.espncricinfo.com/ci/content/player/44111.html'}
AD Mathews,{'link': 'http://www.espncricinfo.com/ci/content/player/49764.html'}
A Mithun,{'link': 'http://www.espncricinfo.com/ci/content/player/310958.html'}
DJ Jacobs,{'link': 'http://www.espncricinfo.com/ci/content/player/45782.html'}
SP Jackson,{'link': 'http://www.espncricinfo.com/ci/content/player/237696.html'}
S Kaushik,{'link': 'http://www.espncricinfo.com/ci/content/player/917213.html'}
GS Sandhu,{'link': 'http://www.espncricinfo.com/ci/content/player/499660.html'}
R Vinay Kumar,{'link': 'http://www.espncricinfo.com/ci/content/player/35731.html'}
DJ Hooda,{'link': 'http://www.espncricinfo.com/ci/content/player/497121.html'}
MN Samuels,{'link': 'http://www.espncricinfo.com/ci/content/player/52983.html'}
Abhishek Sharma,{'link': 'http://www.espncricinfo.com/ci/content/player/1070183.html'}
MK Tiwary,{'link': 'http://www.espncricinfo.com/ci/content/player/35565.html'}
DP Vijaykumar,{'link': 'http://www.espncricinfo.com/ci/content/player/272949.html'}
S Sohal,{'link': 'http://www.espncricinfo.com/ci/content/player/228943.html'}
BE Hendricks,{'link': 'http://www.espncricinfo.com/ci/content/player/379927.html'}
TA Boult,{'link': 'http://www.espncricinfo.com/ci/content/player/277912.html'}
AC Thomas,{'link': 'http://www.espncricinfo.com/ci/content/player/47569.html'}
M Markande,{'link': 'http://www.espncricinfo.com/ci/content/player/1081442.html'}
MS Gony,{'link': 'http://www.espncricinfo.com/ci/content/player/317293.html'}
S Chanderpaul,{'link': 'http://www.espncricinfo.com/ci/content/player/51469.html'}
RJ Quiney,{'link': 'http://www.espncricinfo.com/ci/content/player/211854.html'}
V Shankar,{'link': 'http://www.espncricinfo.com/ci/content/player/477021.html'}
J Botha,{'link': 'http://www.espncricinfo.com/ci/content/player/44149.html'}
DJM Short,{'link': 'http://www.espncricinfo.com/ci/content/player/308798.html'}
EJG Morgan,{'link': 'http://www.espncricinfo.com/ci/content/player/24598.html'}
P Parameswaran,{'link': 'http://www.espncricinfo.com/ci/content/player/279562.html'}
KC Sangakkara,{'link': 'http://www.espncricinfo.com/ci/content/player/50710.html'}
AT Rayudu,{'link': 'http://www.espncricinfo.com/ci/content/player/33141.html'}
SR Tendulkar,{'link': 'http://www.espncricinfo.com/ci/content/player/35320.html'}
PP Shaw,{'link': 'http://www.espncricinfo.com/ci/content/player/1070168.html'}
BCJ Cutting,{'link': 'http://www.espncricinfo.com/ci/content/player/230371.html'}
NA Saini,{'link': 'http://www.espncricinfo.com/ci/content/player/700167.html'}
Basil Thampi,{'link': 'http://www.espncricinfo.com/ci/content/player/732291.html'}
M Rawat,{'link': 'http://www.espncricinfo.com/ci/content/player/33440.html'}
MP Stoinis,{'link': 'http://www.espncricinfo.com/ci/content/player/325012.html'}
MM Ali,{'link': 'http://www.espncricinfo.com/ci/content/player/8917.html'}
Avesh Khan,{'link': 'http://www.espncricinfo.com/ci/content/player/694211.html'}
Younis Khan,{'link': 'http://www.espncricinfo.com/ci/content/player/43652.html'}
SM Boland,{'link': 'http://www.espncricinfo.com/ci/content/player/446548.html'}
AB Barath,{'link': 'http://www.espncricinfo.com/ci/content/player/274926.html'}
MN van Wyk,{'link': 'http://www.espncricinfo.com/ci/content/player/47711.html'}
AUK Pathan,{'link': 'http://www.espncricinfo.com/ci/content/player/430401.html'}
F du Plessis,{'link': 'http://www.espncricinfo.com/ci/content/player/44828.html'}
PSP Handscomb,{'link': 'http://www.espncricinfo.com/ci/content/player/334337.html'}
AD Russell,{'link': 'http://www.espncricinfo.com/ci/content/player/276298.html'}
AA Bilakhia,{'link': 'http://www.espncricinfo.com/ci/content/player/26946.html'}
Imran Tahir,{'link': 'http://www.espncricinfo.com/ci/content/player/40618.html'}
VH Zol,{'link': 'http://www.espncricinfo.com/ci/content/player/554699.html'}
S Badrinath,{'link': 'http://www.espncricinfo.com/ci/content/player/26806.html'}
KC Cariappa,{'link': 'http://www.espncricinfo.com/ci/content/player/777537.html'}
PM Sarvesh Kumar,{'link': 'http://www.espncricinfo.com/ci/content/player/327127.html'}
NL McCullum,{'link': 'http://www.espncricinfo.com/ci/content/player/37749.html'}
Karanveer Singh,{'link': 'http://www.espncricinfo.com/ci/content/player/322535.html'}
M Ntini,{'link': 'http://www.espncricinfo.com/ci/content/player/46592.html'}
SS Sarkar,{'link': 'http://www.espncricinfo.com/ci/content/player/34402.html'}
I Malhotra,{'link': 'http://www.espncricinfo.com/ci/content/player/31088.html'}
WA Mota,{'link': 'http://www.espncricinfo.com/ci/content/player/31041.html'}
A Flintoff,{'link': 'http://www.espncricinfo.com/ci/content/player/12856.html'}
G Gambhir,{'link': 'http://www.espncricinfo.com/ci/content/player/28763.html'}
Shubman Gill,{'link': 'http://www.espncricinfo.com/ci/content/player/1070173.html'}
S Sreesanth,{'link': 'http://www.espncricinfo.com/ci/content/player/34274.html'}
MD Mishra,{'link': 'http://www.espncricinfo.com/ci/content/player/31028.html'}
U Kaul,{'link': 'http://www.espncricinfo.com/ci/content/player/30235.html'}
C Ganapathy,{'link': 'http://www.espncricinfo.com/ci/content/player/28764.html'}
SB Jakati,{'link': 'http://www.espncricinfo.com/ci/content/player/29655.html'}
CR Woakes,{'link': 'http://www.espncricinfo.com/ci/content/player/247235.html'}
W Jaffer,{'link': 'http://www.espncricinfo.com/ci/content/player/29646.html'}
SS Shaikh,{'link': 'http://www.espncricinfo.com/ci/content/player/377437.html'}
SB Joshi,{'link': 'http://www.espncricinfo.com/ci/content/player/29725.html'}
FH Edwards,{'link': 'http://www.espncricinfo.com/ci/content/player/51782.html'}
M Muralitharan,{'link': 'http://www.espncricinfo.com/ci/content/player/49636.html'}
R Dhawan,{'link': 'http://www.espncricinfo.com/ci/content/player/290727.html'}
AF Milne,{'link': 'http://www.espncricinfo.com/ci/content/player/450860.html'}
AB Dinda,{'link': 'http://www.espncricinfo.com/ci/content/player/227712.html'}
SD Chitnis,{'link': 'http://www.espncricinfo.com/ci/content/player/337916.html'}
JD Ryder,{'link': 'http://www.espncricinfo.com/ci/content/player/38373.html'}
MM Sharma,{'link': 'http://www.espncricinfo.com/ci/content/player/537119.html'}
R Shukla,{'link': 'http://www.espncricinfo.com/ci/content/player/390547.html'}
RR Bhatkal,{'link': 'http://www.espncricinfo.com/ci/content/player/27150.html'}
LH Ferguson,{'link': 'http://www.espncricinfo.com/ci/content/player/493773.html'}
SA Yadav,{'link': 'http://www.espncricinfo.com/ci/content/player/446507.html'}
MA Starc,{'link': 'http://www.espncricinfo.com/ci/content/player/311592.html'}
A Chandila,{'link': 'http://www.espncricinfo.com/ci/content/player/27783.html'}
Shoaib Akhtar,{'link': 'http://www.espncricinfo.com/ci/content/player/42655.html'}
I Sharma,{'link': 'http://www.espncricinfo.com/ci/content/player/236779.html'}
AJ Finch,{'link': 'http://www.espncricinfo.com/ci/content/player/5334.html'}
H Das,{'link': 'http://www.espncricinfo.com/ci/content/player/236810.html'}
JD Unadkat,{'link': 'http://www.espncricinfo.com/ci/content/player/390484.html'}
GC Viljoen,{'link': 'http://www.espncricinfo.com/ci/content/player/375126.html'}
ML Hayden,{'link': 'http://www.espncricinfo.com/ci/content/player/5616.html'}
DPMD Jayawardene,{'link': 'http://www.espncricinfo.com/ci/content/player/49289.html'}
Sandeep Sharma,{'link': 'http://www.espncricinfo.com/ci/content/player/438362.html'}
Shahid Afridi,{'link': 'http://www.espncricinfo.com/ci/content/player/42639.html'}
SP Fleming,{'link': 'http://www.espncricinfo.com/ci/content/player/37000.html'}
AJ Tye,{'link': 'http://www.espncricinfo.com/ci/content/player/459508.html'}
J Syed Mohammad,{'link': 'http://www.espncricinfo.com/ci/content/player/35261.html'}
DW Steyn,{'link': 'http://www.espncricinfo.com/ci/content/player/47492.html'}
Kamran Akmal,{'link': 'http://www.espncricinfo.com/ci/content/player/41028.html'}
MB Parmar,{'link': 'http://www.espncricinfo.com/ci/content/player/240734.html'}
VRV Singh,{'link': 'http://www.espncricinfo.com/ci/content/player/35281.html'}
CJ McKay,{'link': 'http://www.espncricinfo.com/ci/content/player/6903.html'}
CRD Fernando,{'link': 'http://www.espncricinfo.com/ci/content/player/48835.html'}
SPD Smith,{'link': 'http://www.espncricinfo.com/ci/content/player/267192.html'}
S Kaul,{'link': 'http://www.espncricinfo.com/ci/content/player/326017.html'}
K Santokie,{'link': 'http://www.espncricinfo.com/ci/content/player/314622.html'}
Joginder Sharma,{'link': 'http://www.espncricinfo.com/ci/content/player/29976.html'}
C Munro,{'link': 'http://www.espncricinfo.com/ci/content/player/232359.html'}
MF Maharoof,{'link': 'http://www.espncricinfo.com/ci/content/player/49638.html'}
H Klaasen,{'link': 'http://www.espncricinfo.com/ci/content/player/436757.html'}
Y Gnaneswara Rao,{'link': 'http://www.espncricinfo.com/ci/content/player/28830.html'}
MG Neser,{'link': 'http://www.espncricinfo.com/ci/content/player/376169.html'}
Gagandeep Singh,{'link': 'http://www.espncricinfo.com/ci/content/player/28758.html'}
JE Taylor,{'link': 'http://www.espncricinfo.com/ci/content/player/53191.html'}
RR Raje,{'link': 'http://www.espncricinfo.com/ci/content/player/290713.html'}
LJ Wright,{'link': 'http://www.espncricinfo.com/ci/content/player/23460.html'}
NJ Maddinson,{'link': 'http://www.espncricinfo.com/ci/content/player/333780.html'}
RR Rossouw,{'link': 'http://www.espncricinfo.com/ci/content/player/318845.html'}
KK Cooper,{'link': 'http://www.espncricinfo.com/ci/content/player/371814.html'}
SS Agarwal,{'link': 'http://www.espncricinfo.com/ci/content/player/1079668.html'}
A Choudhary,{'link': 'http://www.espncricinfo.com/ci/content/player/527299.html'}
A Zampa,{'link': 'http://www.espncricinfo.com/ci/content/player/379504.html'}
KAJ Roach,{'link': 'http://www.espncricinfo.com/ci/content/player/230553.html'}
VVS Laxman,{'link': 'http://www.espncricinfo.com/ci/content/player/30750.html'}
RS Bopara,{'link': 'http://www.espncricinfo.com/ci/content/player/10582.html'}
Mohammed Shami,{'link': 'http://www.espncricinfo.com/ci/content/player/481896.html'}
P Awana,{'link': 'http://www.espncricinfo.com/ci/content/player/323131.html'}
Shoaib Malik,{'link': 'http://www.espncricinfo.com/ci/content/player/42657.html'}
KL Rahul,{'link': 'http://www.espncricinfo.com/ci/content/player/422108.html'}
RW Price,{'link': 'http://www.espncricinfo.com/ci/content/player/55698.html'}
VY Mahesh,{'link': 'http://www.espncricinfo.com/ci/content/player/31732.html'}
NB Singh,{'link': 'http://www.espncricinfo.com/ci/content/player/853259.html'}
RR Bose,{'link': 'http://www.espncricinfo.com/ci/content/player/27572.html'}
WD Parnell,{'link': 'http://www.espncricinfo.com/ci/content/player/265564.html'}
RK Singh,{'link': 'http://www.espncricinfo.com/ci/content/player/723105.html'}
V Pratap Singh,{'link': 'http://www.espncricinfo.com/ci/content/player/528967.html'}
MS Wade,{'link': 'http://www.espncricinfo.com/ci/content/player/230193.html'}
DT Patil,{'link': 'http://www.espncricinfo.com/ci/content/player/32389.html'}
CK Langeveldt,{'link': 'http://www.espncricinfo.com/ci/content/player/45963.html'}
AR Bawne,{'link': 'http://www.espncricinfo.com/ci/content/player/327123.html'}
DAJ Bracewell,{'link': 'http://www.espncricinfo.com/ci/content/player/362541.html'}
N Pooran,{'link': 'http://www.espncricinfo.com/ci/content/player/604302.html'}
MR Marsh,{'link': 'http://www.espncricinfo.com/ci/content/player/272450.html'}
RR Powar,{'link': 'http://www.espncricinfo.com/ci/content/player/32391.html'}
KMDN Kulasekara,{'link': 'http://www.espncricinfo.com/ci/content/player/49535.html'}
RK Bhui,{'link': 'http://www.espncricinfo.com/ci/content/player/642531.html'}
UT Khawaja,{'link': 'http://www.espncricinfo.com/ci/content/player/215155.html'}
RR Sarwan,{'link': 'http://www.espncricinfo.com/ci/content/player/52969.html'}
Anirudh Singh,{'link': 'http://www.espncricinfo.com/ci/content/player/26252.html'}
CA Pujara,{'link': 'http://www.espncricinfo.com/ci/content/player/32540.html'}
DH Yagnik,{'link': 'http://www.espncricinfo.com/ci/content/player/36071.html'}
Q de Kock,{'link': 'http://www.espncricinfo.com/ci/content/player/379143.html'}
Salman Butt,{'link': 'http://www.espncricinfo.com/ci/content/player/42683.html'}
S Ladda,{'link': 'http://www.espncricinfo.com/ci/content/player/317292.html'}
N Rana,{'link': 'http://www.espncricinfo.com/ci/content/player/604527.html'}
DA Warner,{'link': 'http://www.espncricinfo.com/ci/content/player/219889.html'}
DA Miller,{'link': 'http://www.espncricinfo.com/ci/content/player/321777.html'}
CJ Dala,{'link': 'http://www.espncricinfo.com/ci/content/player/545467.html'}
RT Ponting,{'link': 'http://www.espncricinfo.com/ci/content/player/7133.html'}
AB McDonald,{'link': 'http://www.espncricinfo.com/ci/content/player/6553.html'}
KP Appanna,{'link': 'http://www.espncricinfo.com/ci/content/player/269170.html'}
MJ Clarke,{'link': 'http://www.espncricinfo.com/ci/content/player/4578.html'}
BA Bhatt,{'link': 'http://www.espncricinfo.com/ci/content/player/433410.html'}
J Arunkumar,{'link': 'http://www.espncricinfo.com/ci/content/player/26291.html'}
AG Paunikar,{'link': 'http://www.espncricinfo.com/ci/content/player/324444.html'}
AD Nath,{'link': 'http://www.espncricinfo.com/ci/content/player/500360.html'}
T Kohli,{'link': 'http://www.espncricinfo.com/ci/content/player/331855.html'}
Mandeep Singh,{'link': 'http://www.espncricinfo.com/ci/content/player/398506.html'}
M de Lange,{'link': 'http://www.espncricinfo.com/ci/content/player/393279.html'}
GJ Maxwell,{'link': 'http://www.espncricinfo.com/ci/content/player/325026.html'}
AA Jhunjhunwala,{'link': 'http://www.espncricinfo.com/ci/content/player/29702.html'}
YA Abdulla,{'link': 'http://www.espncricinfo.com/ci/content/player/224367.html'}
LR Shukla,{'link': 'http://www.espncricinfo.com/ci/content/player/34019.html'}
AG Murtaza,{'link': 'http://www.espncricinfo.com/ci/content/player/26490.html'}
RJ Peterson,{'link': 'http://www.espncricinfo.com/ci/content/player/46750.html'}
Mujeeb Ur Rahman,{'link': 'http://www.espncricinfo.com/ci/content/player/974109.html'}
T Mishra,{'link': 'http://www.espncricinfo.com/ci/content/player/24790.html'}
SN Khan,{'link': 'http://www.espncricinfo.com/ci/content/player/642525.html'}
KK Nair,{'link': 'http://www.espncricinfo.com/ci/content/player/398439.html'}
UT Yadav,{'link': 'http://www.espncricinfo.com/ci/content/player/376116.html'}
RR Pant,{'link': 'http://www.espncricinfo.com/ci/content/player/931581.html'}
RA Shaikh,{'link': 'http://www.espncricinfo.com/ci/content/player/279460.html'}
KH Pandya,{'link': 'http://www.espncricinfo.com/ci/content/player/471342.html'}
R Rampaul,{'link': 'http://www.espncricinfo.com/ci/content/player/52912.html'}
BW Hilfenhaus,{'link': 'http://www.espncricinfo.com/ci/content/player/5941.html'}
RN ten Doeschate,{'link': 'http://www.espncricinfo.com/ci/content/player/47660.html'}
YS Chahal,{'link': 'http://www.espncricinfo.com/ci/content/player/430246.html'}
KD Karthik,{'link': 'http://www.espncricinfo.com/ci/content/player/30045.html'}
DJ Harris,{'link': 'http://www.espncricinfo.com/ci/content/player/5583.html'}
MA Agarwal,{'link': 'http://www.espncricinfo.com/ci/content/player/398438.html'}
DB Das,{'link': 'http://www.espncricinfo.com/ci/content/player/328163.html'}
JDS Neesham,{'link': 'http://www.espncricinfo.com/ci/content/player/355269.html'}
P Ray Barman,{'link': 'http://www.espncricinfo.com/ci/content/player/1159712.html'}
S Randiv,{'link': 'http://www.espncricinfo.com/ci/content/player/50438.html'}
AA Kazi,{'link': 'http://www.espncricinfo.com/ci/content/player/422106.html'}
Bipul Sharma,{'link': 'http://www.espncricinfo.com/ci/content/player/35928.html'}
JP Faulkner,{'link': 'http://www.espncricinfo.com/ci/content/player/270484.html'}
Swapnil Singh,{'link': 'http://www.espncricinfo.com/ci/content/player/232292.html'}
M Klinger,{'link': 'http://www.espncricinfo.com/ci/content/player/6161.html'}
UA Birla,{'link': 'http://www.espncricinfo.com/ci/content/player/262533.html'}
F Behardien,{'link': 'http://www.espncricinfo.com/ci/content/player/44410.html'}
Tejas Baroka,{'link': 'http://www.espncricinfo.com/ci/content/player/1082859.html'}
Ishan Kishan,{'link': 'http://www.espncricinfo.com/ci/content/player/720471.html'}
M Ashwin,{'link': 'http://www.espncricinfo.com/ci/content/player/528067.html'}
S Vidyut,{'link': 'http://www.espncricinfo.com/ci/content/player/35619.html'}
HH Gibbs,{'link': 'http://www.espncricinfo.com/ci/content/player/45224.html'}
M Prasidh Krishna,{'link': 'http://www.espncricinfo.com/ci/content/player/917159.html'}
AP Tare,{'link': 'http://www.espncricinfo.com/ci/content/player/333904.html'}
TS Mills,{'link': 'http://www.espncricinfo.com/ci/content/player/459257.html'}
Ankit Sharma,{'link': 'http://www.espncricinfo.com/ci/content/player/422992.html'}
AL Menaria,{'link': 'http://www.espncricinfo.com/ci/content/player/371150.html'}
SM Katich,{'link': 'http://www.espncricinfo.com/ci/content/player/6128.html'}
Misbah-ul-Haq,{'link': 'http://www.espncricinfo.com/ci/content/player/41378.html'}
DS Kulkarni,{'link': 'http://www.espncricinfo.com/ci/content/player/277955.html'}
Pankaj Singh,{'link': 'http://www.espncricinfo.com/ci/content/player/32973.html'}
Shakib Al Hasan,{'link': 'http://www.espncricinfo.com/ci/content/player/56143.html'}
HH Pandya,{'link': 'http://www.espncricinfo.com/ci/content/player/625371.html'}
Yashpal Singh,{'link': 'http://www.espncricinfo.com/ci/content/player/36130.html'}
KS Williamson,{'link': 'http://www.espncricinfo.com/ci/content/player/277906.html'}
K Rabada,{'link': 'http://www.espncricinfo.com/ci/content/player/550215.html'}
TK Curran,{'link': 'http://www.espncricinfo.com/ci/content/player/550235.html'}
Kuldeep Yadav,{'link': 'http://www.espncricinfo.com/ci/content/player/559235.html'}
LPC Silva,{'link': 'http://www.espncricinfo.com/ci/content/player/50431.html'}
SA Asnodkar,{'link': 'http://www.espncricinfo.com/ci/content/player/26782.html'}
B Laughlin,{'link': 'http://www.espncricinfo.com/ci/content/player/315623.html'}
AR Patel,{'link': 'http://www.espncricinfo.com/ci/content/player/554691.html'}
L Ronchi,{'link': 'http://www.espncricinfo.com/ci/content/player/7502.html'}
TM Head,{'link': 'http://www.espncricinfo.com/ci/content/player/530011.html'}
WPUJC Vaas,{'link': 'http://www.espncricinfo.com/ci/content/player/50804.html'}
BJ Haddin,{'link': 'http://www.espncricinfo.com/ci/content/player/5560.html'}
BR Dunk,{'link': 'http://www.espncricinfo.com/ci/content/player/388678.html'}
R Bhatia,{'link': 'http://www.espncricinfo.com/ci/content/player/26907.html'}
R Tewatia,{'link': 'http://www.espncricinfo.com/ci/content/player/423838.html'}
PA Patel,{'link': 'http://www.espncricinfo.com/ci/content/player/32242.html'}
DT Christian,{'link': 'http://www.espncricinfo.com/ci/content/player/4864.html'}
CJ Jordan,{'link': 'http://www.espncricinfo.com/ci/content/player/288992.html'}
A Ashish Reddy,{'link': 'http://www.espncricinfo.com/ci/content/player/389605.html'}
N Saini,{'link': 'http://www.espncricinfo.com/ci/content/player/274785.html'}
SS Mundhe,{'link': 'http://www.espncricinfo.com/ci/content/player/279862.html'}
KM Asif,{'link': 'http://www.espncricinfo.com/ci/content/player/1083030.html'}
Harpreet Singh,{'link': 'http://www.espncricinfo.com/ci/content/player/340854.html'}
T Taibu,{'link': 'http://www.espncricinfo.com/ci/content/player/55805.html'}
ND Doshi,{'link': 'http://www.espncricinfo.com/ci/content/player/12440.html'}
MA Khote,{'link': 'http://www.espncricinfo.com/ci/content/player/30220.html'}
SMSM Senanayake,{'link': 'http://www.espncricinfo.com/ci/content/player/273439.html'}
S Badree,{'link': 'http://www.espncricinfo.com/ci/content/player/51433.html'}
TP Sudhindra,{'link': 'http://www.espncricinfo.com/ci/content/player/34139.html'}
C de Grandhomme,{'link': 'http://www.espncricinfo.com/ci/content/player/55395.html'}
S Rana,{'link': 'http://www.espncricinfo.com/ci/content/player/33757.html'}
AB de Villiers,{'link': 'http://www.espncricinfo.com/ci/content/player/44936.html'}
A Nel,{'link': 'http://www.espncricinfo.com/ci/content/player/46569.html'}
BB Sran,{'link': 'http://www.espncricinfo.com/ci/content/player/537126.html'}
Rasikh Salam,{'link': 'http://www.espncricinfo.com/ci/content/player/1161489.html'}
UBT Chand,{'link': 'http://www.espncricinfo.com/ci/content/player/446499.html'}
T Natarajan,{'link': 'http://www.espncricinfo.com/ci/content/player/802575.html'}
KH Devdhar,{'link': 'http://www.espncricinfo.com/ci/content/player/340063.html'}
AC Voges,{'link': 'http://www.espncricinfo.com/ci/content/player/8119.html'}
RG Sharma,{'link': 'http://www.espncricinfo.com/ci/content/player/34102.html'}
E Lewis,{'link': 'http://www.espncricinfo.com/ci/content/player/431901.html'}
A Nehra,{'link': 'http://www.espncricinfo.com/ci/content/player/31820.html'}
KK Ahmed,{'link': 'http://www.espncricinfo.com/ci/content/player/942645.html'}
Harbhajan Singh,{'link': 'http://www.espncricinfo.com/ci/content/player/29264.html'}
JO Holder,{'link': 'http://www.espncricinfo.com/ci/content/player/391485.html'}
P Amarnath,{'link': 'http://www.espncricinfo.com/ci/content/player/290629.html'}
C Madan,{'link': 'http://www.espncricinfo.com/ci/content/player/31104.html'}
Gurkeerat Singh,{'link': 'http://www.espncricinfo.com/ci/content/player/537124.html'}
KMA Paul,{'link': 'http://www.espncricinfo.com/ci/content/player/677081.html'}
MS Bisla,{'link': 'http://www.espncricinfo.com/ci/content/player/27280.html'}
M Kaif,{'link': 'http://www.espncricinfo.com/ci/content/player/29990.html'}
Shoaib Ahmed,{'link': 'http://www.espncricinfo.com/ci/content/player/317709.html'}
CM Gautam,{'link': 'http://www.espncricinfo.com/ci/content/player/302208.html'}
RD Chahar,{'link': 'http://www.espncricinfo.com/ci/content/player/1064812.html'}
JJ Roy,{'link': 'http://www.espncricinfo.com/ci/content/player/298438.html'}
SM Harwood,{'link': 'http://www.espncricinfo.com/ci/content/player/5605.html'}
RV Pawar,{'link': 'http://www.espncricinfo.com/ci/content/player/32305.html'}
PJ Cummins,{'link': 'http://www.espncricinfo.com/ci/content/player/489889.html'}
R Sharma,{'link': 'http://www.espncricinfo.com/ci/content/player/272994.html'}
Sunny Gupta,{'link': 'http://www.espncricinfo.com/ci/content/player/271315.html'}
MK Pandey,{'link': 'http://www.espncricinfo.com/ci/content/player/290630.html'}
AD Hales,{'link': 'http://www.espncricinfo.com/ci/content/player/249866.html'}
STR Binny,{'link': 'http://www.espncricinfo.com/ci/content/player/27223.html'}
DJ Thornely,{'link': 'http://www.espncricinfo.com/ci/content/player/8002.html'}
MK Lomror,{'link': 'http://www.espncricinfo.com/ci/content/player/853265.html'}
DR Smith,{'link': 'http://www.espncricinfo.com/ci/content/player/53118.html'}
BB McCullum,{'link': 'http://www.espncricinfo.com/ci/content/player/37737.html'}
AB Agarkar,{'link': 'http://www.espncricinfo.com/ci/content/player/26184.html'}
SK Raina,{'link': 'http://www.espncricinfo.com/ci/content/player/33335.html'}
M Vohra,{'link': 'http://www.espncricinfo.com/ci/content/player/532856.html'}
C Nanda,{'link': 'http://www.espncricinfo.com/ci/content/player/32093.html'}
BA Stokes,{'link': 'http://www.espncricinfo.com/ci/content/player/311158.html'}
P Kumar,{'link': 'http://www.espncricinfo.com/ci/content/player/30732.html'}
OA Shah,{'link': 'http://www.espncricinfo.com/ci/content/player/20123.html'}
V Kohli,{'link': 'http://www.espncricinfo.com/ci/content/player/253802.html'}
IC Pandey,{'link': 'http://www.espncricinfo.com/ci/content/player/447439.html'}
WP Saha,{'link': 'http://www.espncricinfo.com/ci/content/player/279810.html'}
